season_id,content_id,season_number,title,release_date
1,2,1,Sezon 1,2016-04-21
2,2,2,Sezon 2,2017-03-09
3,4,1,Sezon 1,2023-10-19
4,4,2,Sezon 2,2024-09-08
5,4,3,Sezon 3,2025-09-20
6,5,1,Sezon 1,2024-01-12
7,7,1,Sezon 1,2020-10-30
8,7,2,Sezon 2,2021-12-17
9,7,3,Sezon 3,2022-11-14
10,10,1,Sezon 1,2017-01-24
11,10,2,Sezon 2,2018-02-01
12,10,3,Sezon 3,2019-02-14
13,10,4,Sezon 4,2020-01-08
14,11,1,Sezon 1,2017-08-25
15,11,2,Sezon 2,2018-08-19
16,11,3,Sezon 3,2019-07-24
17,15,1,Sezon 1,2015-02-26
18,15,2,Sezon 2,2016-02-14
19,15,3,Sezon 3,2017-02-14
20,16,1,Sezon 1,2015-07-12
21,16,2,Sezon 2,2016-06-17
22,17,1,Sezon 1,2022-02-19
23,18,1,Sezon 1,2021-12-25
24,18,2,Sezon 2,2022-12-14
25,18,3,Sezon 3,2023-12-29
26,18,4,Sezon 4,2024-11-28
27,24,1,Sezon 1,2022-12-30
28,25,1,Sezon 1,2023-05-23
29,25,2,Sezon 2,2024-06-11
30,25,3,Sezon 3,2025-06-24
31,31,1,Sezon 1,2018-12-07
32,31,2,Sezon 2,2019-10-19
33,31,3,Sezon 3,2020-11-12
34,31,4,Sezon 4,2021-10-24
35,35,1,Sezon 1,2020-02-11
36,35,2,Sezon 2,2021-03-31
37,35,3,Sezon 3,2022-02-12
38,35,4,Sezon 4,2023-03-28
39,35,5,Sezon 5,2024-03-02
40,35,6,Sezon 6,2025-02-06
41,36,1,Sezon 1,2018-12-14
42,37,1,Sezon 1,2018-06-17
43,41,1,Sezon 1,2018-11-19
44,41,2,Sezon 2,2019-11-28
45,41,3,Sezon 3,2020-11-16
46,41,4,Sezon 4,2021-12-05
47,44,1,Sezon 1,2016-04-05
48,44,2,Sezon 2,2017-04-20
49,44,3,Sezon 3,2018-04-16
50,44,4,Sezon 4,2019-04-08
51,44,5,Sezon 5,2020-04-12
52,44,6,Sezon 6,2021-04-14
53,44,7,Sezon 7,2022-04-20
54,45,1,Sezon 1,2020-06-30
55,47,1,Sezon 1,2021-04-14
56,47,2,Sezon 2,2022-04-29
57,47,3,Sezon 3,2023-05-18
58,47,4,Sezon 4,2024-05-22
59,51,1,Sezon 1,2018-09-29
60,51,2,Sezon 2,2019-09-25
61,51,3,Sezon 3,2020-08-30
62,51,4,Sezon 4,2021-08-24
63,51,5,Sezon 5,2022-10-10
64,53,1,Sezon 1,2018-01-09
65,54,1,Sezon 1,2017-10-21
66,54,2,Sezon 2,2018-12-04
67,55,1,Sezon 1,2021-12-24
68,57,1,Sezon 1,2018-05-31
69,65,1,Sezon 1,2016-04-13
70,65,2,Sezon 2,2017-03-07
71,66,1,Sezon 1,2021-08-11
72,71,1,Sezon 1,2023-03-19
73,71,2,Sezon 2,2024-03-12
74,71,3,Sezon 3,2025-02-01
75,73,1,Sezon 1,2015-09-19
76,73,2,Sezon 2,2016-09-22
77,74,1,Sezon 1,2017-08-24
78,74,2,Sezon 2,2018-08-10
79,75,1,Sezon 1,2016-01-17
80,75,2,Sezon 2,2016-12-03
81,77,1,Sezon 1,2018-12-31
82,81,1,Sezon 1,2021-05-27
83,82,1,Sezon 1,2020-03-03
84,82,2,Sezon 2,2021-02-02
85,83,1,Sezon 1,2017-07-31
86,83,2,Sezon 2,2018-09-07
87,83,3,Sezon 3,2019-07-24
88,88,1,Sezon 1,2016-05-27
89,88,2,Sezon 2,2017-05-09
90,89,1,Sezon 1,2021-07-29
91,89,2,Sezon 2,2022-09-01
92,89,3,Sezon 3,2023-08-19
93,90,1,Sezon 1,2021-03-08
94,90,2,Sezon 2,2022-04-15
95,90,3,Sezon 3,2023-04-02
96,90,4,Sezon 4,2024-04-21
97,90,5,Sezon 5,2025-03-24
98,90,6,Sezon 6,2026-03-22
99,93,1,Sezon 1,2016-02-05
100,93,2,Sezon 2,2017-02-04
101,93,3,Sezon 3,2018-03-10
102,96,1,Sezon 1,2023-01-25
103,100,1,Sezon 1,2016-11-10
104,100,2,Sezon 2,2017-10-05
105,101,1,Sezon 1,2015-07-29
106,101,2,Sezon 2,2016-08-01
107,104,1,Sezon 1,2016-12-08
108,104,2,Sezon 2,2018-01-14
109,104,3,Sezon 3,2019-01-09
110,104,4,Sezon 4,2020-01-17
111,109,1,Sezon 1,2023-11-15
112,109,2,Sezon 2,2024-11-02
113,109,3,Sezon 3,2025-12-11
114,109,4,Sezon 4,2026-11-08
115,109,5,Sezon 5,2027-12-13
116,110,1,Sezon 1,2020-06-25
117,110,2,Sezon 2,2021-05-28
118,110,3,Sezon 3,2022-07-19
119,110,4,Sezon 4,2023-06-20
120,110,5,Sezon 5,2024-05-24
121,110,6,Sezon 6,2025-06-23
122,116,1,Sezon 1,2023-04-10
123,116,2,Sezon 2,2024-04-19
124,120,1,Sezon 1,2017-06-17
125,120,2,Sezon 2,2018-05-26
126,120,3,Sezon 3,2019-06-18
127,125,1,Sezon 1,2021-08-05
128,125,2,Sezon 2,2022-09-02
129,125,3,Sezon 3,2023-08-31
130,125,4,Sezon 4,2024-08-14
131,125,5,Sezon 5,2025-08-05
132,126,1,Sezon 1,2021-03-16
133,126,2,Sezon 2,2022-03-28
134,126,3,Sezon 3,2023-01-30
135,126,4,Sezon 4,2024-03-04
136,126,5,Sezon 5,2025-02-28
137,129,1,Sezon 1,2018-04-08
138,129,2,Sezon 2,2019-05-01
139,129,3,Sezon 3,2020-05-03
140,130,1,Sezon 1,2020-05-23
141,130,2,Sezon 2,2021-05-25
142,130,3,Sezon 3,2022-06-03
143,130,4,Sezon 4,2023-04-28
144,130,5,Sezon 5,2024-05-22
145,130,6,Sezon 6,2025-06-01
146,130,7,Sezon 7,2026-06-09
147,130,8,Sezon 8,2027-04-26
148,131,1,Sezon 1,2017-07-26
149,131,2,Sezon 2,2018-07-09
150,138,1,Sezon 1,2021-10-09
151,138,2,Sezon 2,2022-10-14
152,138,3,Sezon 3,2023-09-23
153,138,4,Sezon 4,2024-10-22
154,142,1,Sezon 1,2015-05-11
155,142,2,Sezon 2,2016-05-05
156,142,3,Sezon 3,2017-05-15
157,146,1,Sezon 1,2016-11-07
158,146,2,Sezon 2,2017-11-03
159,146,3,Sezon 3,2018-11-19
160,146,4,Sezon 4,2019-12-04
161,146,5,Sezon 5,2020-12-27
162,146,6,Sezon 6,2021-11-05
163,149,1,Sezon 1,2018-01-26
164,152,1,Sezon 1,2022-02-08
165,152,2,Sezon 2,2023-02-18
166,153,1,Sezon 1,2024-01-12
167,153,2,Sezon 2,2025-01-20
168,153,3,Sezon 3,2025-12-19
169,153,4,Sezon 4,2026-12-20
170,153,5,Sezon 5,2027-12-09
171,153,6,Sezon 6,2028-12-17
172,157,1,Sezon 1,2017-05-07
173,157,2,Sezon 2,2018-05-24
174,157,3,Sezon 3,2019-05-06
175,158,1,Sezon 1,2021-06-20
176,158,2,Sezon 2,2022-06-25
177,158,3,Sezon 3,2023-08-01
178,158,4,Sezon 4,2024-07-01
179,158,5,Sezon 5,2025-07-25
180,158,6,Sezon 6,2026-07-24
181,158,7,Sezon 7,2027-07-25
182,158,8,Sezon 8,2028-07-29
183,162,1,Sezon 1,2018-03-25
184,163,1,Sezon 1,2023-07-11
185,168,1,Sezon 1,2018-02-21
186,173,1,Sezon 1,2017-03-25
187,173,2,Sezon 2,2018-04-01
188,173,3,Sezon 3,2019-03-09
189,174,1,Sezon 1,2023-01-11
190,174,2,Sezon 2,2024-01-14
191,174,3,Sezon 3,2024-11-20
192,174,4,Sezon 4,2026-01-08
193,174,5,Sezon 5,2026-11-14
194,174,6,Sezon 6,2027-11-29
195,176,1,Sezon 1,2023-12-19
196,176,2,Sezon 2,2024-12-14
197,176,3,Sezon 3,2025-10-27
198,181,1,Sezon 1,2015-08-07
199,181,2,Sezon 2,2016-07-07
200,183,1,Sezon 1,2022-01-01
201,187,1,Sezon 1,2022-06-10
202,187,2,Sezon 2,2023-05-24
203,187,3,Sezon 3,2024-05-22
204,189,1,Sezon 1,2021-03-27
205,191,1,Sezon 1,2015-06-18
206,191,2,Sezon 2,2016-06-15
207,192,1,Sezon 1,2020-10-01
208,192,2,Sezon 2,2021-08-30
209,192,3,Sezon 3,2022-08-31
210,192,4,Sezon 4,2023-09-13
211,192,5,Sezon 5,2024-10-04
212,199,1,Sezon 1,2015-11-21
213,199,2,Sezon 2,2016-12-09
214,199,3,Sezon 3,2017-11-18
215,200,1,Sezon 1,2016-11-25
216,200,2,Sezon 2,2017-12-19
217,200,3,Sezon 3,2018-12-04
218,200,4,Sezon 4,2020-01-16
219,200,5,Sezon 5,2020-12-10
220,201,1,Sezon 1,2015-10-22
221,201,2,Sezon 2,2016-10-08
222,201,3,Sezon 3,2017-11-05
223,201,4,Sezon 4,2018-09-19
224,201,5,Sezon 5,2019-09-22
225,201,6,Sezon 6,2020-10-29
226,201,7,Sezon 7,2021-11-13
227,202,1,Sezon 1,2019-10-31
228,202,2,Sezon 2,2020-10-02
229,203,1,Sezon 1,2015-12-11
230,203,2,Sezon 2,2017-01-10
231,203,3,Sezon 3,2017-11-20
232,203,4,Sezon 4,2018-12-27
233,203,5,Sezon 5,2019-12-28
234,203,6,Sezon 6,2020-12-11
235,203,7,Sezon 7,2022-01-17
236,203,8,Sezon 8,2022-12-19
237,205,1,Sezon 1,2018-10-08
238,205,2,Sezon 2,2019-10-17
239,205,3,Sezon 3,2020-11-04
240,205,4,Sezon 4,2021-09-18
241,214,1,Sezon 1,2017-08-10
242,216,1,Sezon 1,2018-10-31
243,216,2,Sezon 2,2019-12-09
244,217,1,Sezon 1,2017-08-21
245,220,1,Sezon 1,2021-08-06
246,228,1,Sezon 1,2023-05-03
247,228,2,Sezon 2,2024-05-10
248,228,3,Sezon 3,2025-04-08
249,230,1,Sezon 1,2017-05-24
250,230,2,Sezon 2,2018-06-15
251,230,3,Sezon 3,2019-06-09
252,230,4,Sezon 4,2020-06-23
253,234,1,Sezon 1,2018-04-07
254,234,2,Sezon 2,2019-03-26
255,235,1,Sezon 1,2017-01-03
256,235,2,Sezon 2,2018-01-07
257,235,3,Sezon 3,2018-12-12
258,237,1,Sezon 1,2018-03-05
259,238,1,Sezon 1,2021-10-17
260,238,2,Sezon 2,2022-10-16
261,240,1,Sezon 1,2016-02-18
262,240,2,Sezon 2,2017-02-11
263,241,1,Sezon 1,2016-12-10
264,241,2,Sezon 2,2017-12-25
265,241,3,Sezon 3,2019-01-08
266,241,4,Sezon 4,2020-01-09
267,241,5,Sezon 5,2020-12-09
268,241,6,Sezon 6,2022-01-04
269,245,1,Sezon 1,2017-03-26
270,245,2,Sezon 2,2018-04-29
271,245,3,Sezon 3,2019-04-25
272,245,4,Sezon 4,2020-05-08
273,248,1,Sezon 1,2017-12-24
274,249,1,Sezon 1,2019-06-29
275,250,1,Sezon 1,2015-06-15
276,250,2,Sezon 2,2016-08-09
277,250,3,Sezon 3,2017-07-28
278,255,1,Sezon 1,2019-02-15
279,258,1,Sezon 1,2018-03-22
280,258,2,Sezon 2,2019-04-18
281,258,3,Sezon 3,2020-05-05
282,258,4,Sezon 4,2021-04-07
283,258,5,Sezon 5,2022-05-17
284,258,6,Sezon 6,2023-05-15
285,258,7,Sezon 7,2024-05-06
286,258,8,Sezon 8,2025-04-29
287,262,1,Sezon 1,2019-05-25
288,262,2,Sezon 2,2020-06-10
289,262,3,Sezon 3,2021-05-11
290,262,4,Sezon 4,2022-05-09
291,262,5,Sezon 5,2023-05-05
292,262,6,Sezon 6,2024-06-10
293,262,7,Sezon 7,2025-04-15
294,265,1,Sezon 1,2020-07-23
295,265,2,Sezon 2,2021-07-07
296,265,3,Sezon 3,2022-08-03
297,266,1,Sezon 1,2023-07-06
298,266,2,Sezon 2,2024-07-01
299,266,3,Sezon 3,2025-07-27
300,266,4,Sezon 4,2026-06-28
301,277,1,Sezon 1,2017-05-22
302,277,2,Sezon 2,2018-05-06
303,277,3,Sezon 3,2019-05-02
304,277,4,Sezon 4,2020-05-28
305,277,5,Sezon 5,2021-05-02
306,277,6,Sezon 6,2022-05-08
307,277,7,Sezon 7,2023-04-29
308,277,8,Sezon 8,2024-04-26
309,278,1,Sezon 1,2021-08-11
310,280,1,Sezon 1,2015-12-10
311,281,1,Sezon 1,2021-12-01
312,281,2,Sezon 2,2022-12-14
313,281,3,Sezon 3,2024-01-29
314,281,4,Sezon 4,2025-01-04
315,281,5,Sezon 5,2025-12-11
316,283,1,Sezon 1,2015-03-08
317,283,2,Sezon 2,2016-02-24
318,284,1,Sezon 1,2016-08-31
319,284,2,Sezon 2,2017-08-20
320,284,3,Sezon 3,2018-08-02
321,286,1,Sezon 1,2017-04-28
322,286,2,Sezon 2,2018-04-21
323,286,3,Sezon 3,2019-04-23
324,286,4,Sezon 4,2020-04-26
325,287,1,Sezon 1,2017-04-01
326,287,2,Sezon 2,2018-05-07
327,289,1,Sezon 1,2022-04-18
328,289,2,Sezon 2,2023-05-10
329,289,3,Sezon 3,2024-05-12
330,289,4,Sezon 4,2025-05-21
331,293,1,Sezon 1,2015-10-04
332,293,2,Sezon 2,2016-09-21
333,295,1,Sezon 1,2021-11-28
334,295,2,Sezon 2,2022-11-12
335,297,1,Sezon 1,2019-09-15
336,297,2,Sezon 2,2020-09-21
337,297,3,Sezon 3,2021-08-11
338,297,4,Sezon 4,2022-08-11
339,297,5,Sezon 5,2023-08-18
340,297,6,Sezon 6,2024-09-14
341,300,1,Sezon 1,2018-10-18
342,300,2,Sezon 2,2019-09-25
343,303,1,Sezon 1,2021-07-02
344,303,2,Sezon 2,2022-08-06
345,303,3,Sezon 3,2023-07-07
346,312,1,Sezon 1,2015-03-01
347,312,2,Sezon 2,2016-03-25
348,312,3,Sezon 3,2017-03-24
349,312,4,Sezon 4,2018-03-04
350,312,5,Sezon 5,2019-04-21
351,312,6,Sezon 6,2020-04-10
352,312,7,Sezon 7,2021-03-08
353,312,8,Sezon 8,2022-03-27
354,314,1,Sezon 1,2016-07-30
355,314,2,Sezon 2,2017-07-06
356,314,3,Sezon 3,2018-06-19
357,314,4,Sezon 4,2019-07-23
358,314,5,Sezon 5,2020-06-19
359,314,6,Sezon 6,2021-06-22
360,314,7,Sezon 7,2022-06-21
361,314,8,Sezon 8,2023-07-19
362,315,1,Sezon 1,2015-07-19
363,315,2,Sezon 2,2016-07-07
364,315,3,Sezon 3,2017-08-10
365,315,4,Sezon 4,2018-07-29
366,315,5,Sezon 5,2019-08-09
367,315,6,Sezon 6,2020-06-27
368,315,7,Sezon 7,2021-08-08
369,315,8,Sezon 8,2022-07-26
370,319,1,Sezon 1,2016-09-27
371,319,2,Sezon 2,2017-09-06
372,319,3,Sezon 3,2018-08-04
373,319,4,Sezon 4,2019-08-15
374,323,1,Sezon 1,2021-08-17
375,323,2,Sezon 2,2022-07-22
376,323,3,Sezon 3,2023-07-22
377,323,4,Sezon 4,2024-07-05
378,325,1,Sezon 1,2015-02-15
379,325,2,Sezon 2,2016-02-11
380,325,3,Sezon 3,2017-04-07
381,325,4,Sezon 4,2018-03-03
382,325,5,Sezon 5,2019-03-09
383,325,6,Sezon 6,2020-03-14
384,325,7,Sezon 7,2021-04-07
385,325,8,Sezon 8,2022-03-17
386,327,1,Sezon 1,2020-06-02
387,327,2,Sezon 2,2021-04-28
388,327,3,Sezon 3,2022-05-09
389,327,4,Sezon 4,2023-06-24
390,327,5,Sezon 5,2024-06-09
391,327,6,Sezon 6,2025-05-21
392,327,7,Sezon 7,2026-06-16
393,329,1,Sezon 1,2021-11-24
394,329,2,Sezon 2,2022-11-19
395,334,1,Sezon 1,2022-07-14
396,334,2,Sezon 2,2023-08-27
397,335,1,Sezon 1,2019-08-14
398,335,2,Sezon 2,2020-08-02
399,335,3,Sezon 3,2021-08-29
400,335,4,Sezon 4,2022-08-19
401,335,5,Sezon 5,2023-08-09
402,335,6,Sezon 6,2024-08-13
403,335,7,Sezon 7,2025-08-25
404,337,1,Sezon 1,2020-09-06
405,338,1,Sezon 1,2021-09-06
406,338,2,Sezon 2,2022-08-15
407,338,3,Sezon 3,2023-09-07
408,339,1,Sezon 1,2018-05-18
409,339,2,Sezon 2,2019-06-10
410,339,3,Sezon 3,2020-06-13
411,340,1,Sezon 1,2020-01-02
412,340,2,Sezon 2,2020-11-18
413,344,1,Sezon 1,2020-05-02
414,344,2,Sezon 2,2021-05-02
415,344,3,Sezon 3,2022-06-14
416,344,4,Sezon 4,2023-06-20
417,344,5,Sezon 5,2024-06-04
418,350,1,Sezon 1,2016-01-03
419,352,1,Sezon 1,2022-08-09
420,354,1,Sezon 1,2022-10-18
421,355,1,Sezon 1,2021-02-22
422,355,2,Sezon 2,2022-03-10
423,355,3,Sezon 3,2023-03-19
424,358,1,Sezon 1,2016-05-05
425,358,2,Sezon 2,2017-05-06
426,360,1,Sezon 1,2019-03-11
427,362,1,Sezon 1,2019-01-17
428,362,2,Sezon 2,2020-01-24
429,365,1,Sezon 1,2019-04-01
430,365,2,Sezon 2,2020-03-15
431,366,1,Sezon 1,2021-07-07
432,366,2,Sezon 2,2022-06-27
433,366,3,Sezon 3,2023-06-10
434,368,1,Sezon 1,2015-07-20
435,368,2,Sezon 2,2016-06-07
436,368,3,Sezon 3,2017-06-13
437,369,1,Sezon 1,2022-09-14
438,369,2,Sezon 2,2023-09-10
439,369,3,Sezon 3,2024-10-23
440,369,4,Sezon 4,2025-10-02
441,369,5,Sezon 5,2026-09-30
442,371,1,Sezon 1,2023-07-17
443,371,2,Sezon 2,2024-08-10
444,371,3,Sezon 3,2025-09-11
445,371,4,Sezon 4,2026-08-15
446,371,5,Sezon 5,2027-08-31
447,372,1,Sezon 1,2019-06-08
448,372,2,Sezon 2,2020-04-27
449,372,3,Sezon 3,2021-05-23
450,375,1,Sezon 1,2023-07-27
451,375,2,Sezon 2,2024-08-31
452,375,3,Sezon 3,2025-07-20
453,376,1,Sezon 1,2016-07-22
454,376,2,Sezon 2,2017-08-10
455,376,3,Sezon 3,2018-07-02
456,376,4,Sezon 4,2019-08-06
457,377,1,Sezon 1,2023-11-20
458,377,2,Sezon 2,2024-12-12
459,377,3,Sezon 3,2025-12-18
460,377,4,Sezon 4,2026-11-19
461,379,1,Sezon 1,2016-10-23
462,379,2,Sezon 2,2017-12-11
463,379,3,Sezon 3,2018-10-21
464,381,1,Sezon 1,2022-11-26
465,386,1,Sezon 1,2015-06-06
466,386,2,Sezon 2,2016-06-29
467,389,1,Sezon 1,2018-03-27
468,389,2,Sezon 2,2019-04-12
469,389,3,Sezon 3,2020-04-25
470,389,4,Sezon 4,2021-05-02
471,389,5,Sezon 5,2022-05-01
472,389,6,Sezon 6,2023-04-19
473,390,1,Sezon 1,2017-05-04
474,390,2,Sezon 2,2018-04-27
475,390,3,Sezon 3,2019-06-21
476,393,1,Sezon 1,2021-08-02
477,393,2,Sezon 2,2022-07-21
478,393,3,Sezon 3,2023-06-16
479,393,4,Sezon 4,2024-06-18
480,393,5,Sezon 5,2025-06-27
481,393,6,Sezon 6,2026-06-19
482,394,1,Sezon 1,2021-03-24
483,394,2,Sezon 2,2022-04-22
484,396,1,Sezon 1,2023-08-23
485,396,2,Sezon 2,2024-07-02
486,396,3,Sezon 3,2025-08-15
487,397,1,Sezon 1,2022-12-25
488,397,2,Sezon 2,2023-12-09
489,400,1,Sezon 1,2019-09-01
490,400,2,Sezon 2,2020-09-01
491,400,3,Sezon 3,2021-08-17
492,400,4,Sezon 4,2022-07-27
493,402,1,Sezon 1,2019-01-04
494,402,2,Sezon 2,2019-12-17
495,403,1,Sezon 1,2023-02-03
496,412,1,Sezon 1,2022-07-18
497,412,2,Sezon 2,2023-07-08
498,412,3,Sezon 3,2024-07-22
499,412,4,Sezon 4,2025-06-18
500,414,1,Sezon 1,2020-07-03
501,414,2,Sezon 2,2021-06-17
502,414,3,Sezon 3,2022-05-25
503,415,1,Sezon 1,2020-04-26
504,415,2,Sezon 2,2021-04-25
505,417,1,Sezon 1,2023-04-09
506,417,2,Sezon 2,2024-02-25
507,417,3,Sezon 3,2025-04-01
508,418,1,Sezon 1,2017-11-07
509,433,1,Sezon 1,2016-05-08
510,433,2,Sezon 2,2017-04-18
511,434,1,Sezon 1,2020-06-28
512,434,2,Sezon 2,2021-06-12
513,434,3,Sezon 3,2022-08-09
514,434,4,Sezon 4,2023-08-10
515,434,5,Sezon 5,2024-08-01
516,435,1,Sezon 1,2016-05-20
517,437,1,Sezon 1,2022-04-25
518,437,2,Sezon 2,2023-04-17
519,437,3,Sezon 3,2024-03-30
520,438,1,Sezon 1,2017-10-03
521,438,2,Sezon 2,2018-09-22
522,438,3,Sezon 3,2019-10-21
523,438,4,Sezon 4,2020-10-19
524,439,1,Sezon 1,2023-09-02
525,440,1,Sezon 1,2022-03-04
526,440,2,Sezon 2,2023-03-17
527,441,1,Sezon 1,2022-09-15
528,441,2,Sezon 2,2023-09-24
529,442,1,Sezon 1,2019-03-06
530,442,2,Sezon 2,2020-03-23
531,442,3,Sezon 3,2021-04-26
532,442,4,Sezon 4,2022-03-03
533,442,5,Sezon 5,2023-03-09
534,442,6,Sezon 6,2024-03-05
535,442,7,Sezon 7,2025-03-31
536,443,1,Sezon 1,2018-01-31
537,443,2,Sezon 2,2018-12-24
538,448,1,Sezon 1,2016-07-27
539,448,2,Sezon 2,2017-08-27
540,448,3,Sezon 3,2018-08-10
541,449,1,Sezon 1,2016-01-11
542,452,1,Sezon 1,2017-11-05
543,452,2,Sezon 2,2018-10-30
544,457,1,Sezon 1,2022-06-11
545,458,1,Sezon 1,2018-12-23
546,461,1,Sezon 1,2022-03-18
547,461,2,Sezon 2,2023-02-10
548,461,3,Sezon 3,2024-03-23
549,461,4,Sezon 4,2025-01-29
550,461,5,Sezon 5,2026-02-07
551,461,6,Sezon 6,2027-02-04
552,463,1,Sezon 1,2017-07-21
553,463,2,Sezon 2,2018-07-18
554,463,3,Sezon 3,2019-07-19
555,463,4,Sezon 4,2020-08-03
556,463,5,Sezon 5,2021-08-04
557,463,6,Sezon 6,2022-08-12
558,463,7,Sezon 7,2023-07-20
559,463,8,Sezon 8,2024-07-08
560,466,1,Sezon 1,2017-01-11
561,466,2,Sezon 2,2018-03-01
562,466,3,Sezon 3,2019-03-08
563,469,1,Sezon 1,2023-07-16
564,469,2,Sezon 2,2024-06-21
565,469,3,Sezon 3,2025-07-23
566,469,4,Sezon 4,2026-06-27
567,469,5,Sezon 5,2027-06-02
568,469,6,Sezon 6,2028-05-31
569,469,7,Sezon 7,2029-07-10
570,469,8,Sezon 8,2030-06-26
571,470,1,Sezon 1,2018-06-11
572,470,2,Sezon 2,2019-04-26
573,470,3,Sezon 3,2020-04-17
574,470,4,Sezon 4,2021-05-25
575,473,1,Sezon 1,2016-09-28
576,474,1,Sezon 1,2020-08-27
577,474,2,Sezon 2,2021-07-22
578,477,1,Sezon 1,2019-09-24
579,477,2,Sezon 2,2020-10-15
580,477,3,Sezon 3,2021-08-28
581,478,1,Sezon 1,2015-12-23
582,478,2,Sezon 2,2017-01-13
583,479,1,Sezon 1,2015-05-30
584,479,2,Sezon 2,2016-04-06
585,479,3,Sezon 3,2017-05-17
586,479,4,Sezon 4,2018-05-18
587,480,1,Sezon 1,2017-09-19
588,482,1,Sezon 1,2017-07-14
589,482,2,Sezon 2,2018-07-16
590,482,3,Sezon 3,2019-07-19
591,482,4,Sezon 4,2020-08-16
592,482,5,Sezon 5,2021-07-15
593,483,1,Sezon 1,2023-01-04
594,483,2,Sezon 2,2023-12-30
595,484,1,Sezon 1,2020-08-31
596,487,1,Sezon 1,2018-08-11
597,487,2,Sezon 2,2019-09-19
598,487,3,Sezon 3,2020-08-24
599,487,4,Sezon 4,2021-09-10
600,487,5,Sezon 5,2022-09-20
601,487,6,Sezon 6,2023-08-18
602,490,1,Sezon 1,2023-11-21
603,490,2,Sezon 2,2024-12-06
604,494,1,Sezon 1,2018-08-26
605,494,2,Sezon 2,2019-07-07
606,494,3,Sezon 3,2020-08-23
607,495,1,Sezon 1,2019-06-22
608,499,1,Sezon 1,2016-11-24
609,499,2,Sezon 2,2017-11-28
610,499,3,Sezon 3,2018-12-15
611,499,4,Sezon 4,2020-01-05
612,499,5,Sezon 5,2020-12-01
613,499,6,Sezon 6,2022-01-04
614,499,7,Sezon 7,2022-11-18
